,id,track,artist,lyrics,language
0,26cvTWJq2E1QqN4jyH2OTU,Tak Segampang Itu,Anggi Marito,"Waktu demi waktu, hari demi hari 
 Sadar ku t'lah sendiri 
 Kau t'lah pergi jauh, tinggalkan diriku 
 Ternyata ku rindu 
 Senyuman yang s'lalu membungkus hati yang terluka 
 Di depan mereka 
 Tuhan, masih pantaskah ku 'tuk bersamanya? 
 Kar'na hati ini inginkannya 
 Tak segampang itu ku mencari penggantimu 
 Tak segampang itu ku menemukan sosok seperti dirimu, Cinta 
 Kau tahu betapa besar cinta yang kutanamkan padamu 
 Mengapa kau memilih untuk berpisah? 
 Ho-oh 
 Terlalu besar kutaruh harapan pada dirimu 
 Itu alasanku, lama tanpa dirimu, oh-oh 
 Mereka yang bilang, ku akan dapat lebih darimu 
 Tak mungkin, semua itu tak mudah 
 Oh-oh-oh (ku mencari penggantimu) 
 Tak segampang itu ku menemukan sosok seperti dirimu, oh, Cinta 
 Kau tahu betapa besar cinta yang kutanamkan padamu 
 Mengapa (mengapa) kau memilih untuk berpisah? 
 (Ku mencari penggantimu) ho-oh-oh 
 Ho-oh-oh-oh, sosok seperti dirimu, Cinta 
 Kau tahu betapa besar cinta yang kutanamkan padamu 
 Mengapa kau memilih untuk berpisah? 
 Kau memilih untuk berpisah 
 ",id
1,2AaaE0qvFWtyT8srKNfRhH,Komang,Raim Laode,"Dari kejauhan, tergambar cerita tentang kita 
 Terpisah jarak dan waktu 
 Ingin kuungkapkan rindu lewat kata indah 
 Tak cukup untuk dirimu 
 Sebab kau terlalu indah dari sekedar kata 
 Dunia berhenti sejenak menikmati indahmu 
  
 Dan apabila tak bersamamu 
 Kupastikan kujalani dunia tak seindah kemarin 
 Sederhana, tertawamu sudah cukup 
 Lengkapi sempurnanya hidup bersamamu 
 ♪ 
 Jika hari kulalui tanpa hawamu 
 Percuma senyumku dengan dia, oh 
 ♪ 
 Dan apabila tak bersamamu 
 Kupastikan kujalani dunia tak seindah kemarin 
 Sederhana, tertawamu sudah cukup 
 Lengkapi sempurnanya hidup bersamamu 
 Apabila tak bersamamu 
 Kupastikan kujalani dunia tak seindah kemarin 
 Sederhana, tertawamu sudah cukup 
 Lengkapi sempurnanya hidup bersamamu 
 Hu-uh-uh 
 Hu, hu-uh-uh 
 Sebab kau terlalu indah dari sekedar kata 
 Dunia berhenti sejenak menikmati indahmu 
 ",id
2,6dXiWwFrcGieqnoLYzPNp5,Sial,Mahalini,"Sampai saat ini tak terpikir olehku 
 Aku pernah beri rasa pada orang sepertimu 
 Seandainya sejak awal tak kuyakinkan diriku 
 Tutur kata yang sempurna, tak sebaik yang kukira 
 Andai ku tahu semua akan sia-sia 
 Takkan kut'rima cinta sesaatmu 
 Bagaimana dengan aku terlanjur mencintaimu? 
 Yang datang beri harapan, lalu pergi dan menghilang 
 Tak terpikirkan olehmu, hatiku hancur kar'namu 
 Tanpa sedikit alasan, pergi tanpa berpamitan 
 Takkan kut'rima cinta sesaatmu 
 Seandainya sejak awal tak kuyakinkan diriku 
 Tutur kata yang sempurna, tak sebaik yang kukira 
 Andai ku tahu semua akan sia-sia 
 Takkan kut'rima cinta sesaatmu 
 Bagaimana dengan aku terlanjur mencintaimu? 
 Yang datang beri harapan, lalu pergi dan menghilang 
 Tak terpikirkan olehmu, hatiku hancur kar'namu 
 Tanpa sedikit alasan, pergi tanpa berpamitan 
 Takkan kut'rima cinta sesaatmu 
 Sial-sialnya ku bertemu dengan cinta semu (semu) 
 Tertipu tutur dan caramu 
 Seolah cintaiku (cintaiku) 
 Puas kaucurangi aku? 
 Bagaimana dengan aku terlanjur mencintaimu? (Cintaimu) 
 Yang datang beri harapan, lalu pergi dan menghilang 
 Tak terpikirkan olehmu, hatiku hancur kar'namu 
 Tanpa sedikit alasan, pergi tanpa berpamitan 
 Takkan kut'rima cinta sesaatmu 
 ",id
3,1daDRI9ahBonbWD8YcxOIB,Angels Like You,Miley Cyrus,"Mmm, mmm, mmm 
  
 Flowers in hand, waiting for me 
 Every word in poetry 
 Won't call me by name, only ""baby"" 
 The more that you give, the less that I need 
 Everyone says I look happy 
 When it feels right 
 I know that you're wrong for me 
 Gonna wish we never met on the day I leave 
 I brought you down to your knees 
 'Cause they say that misery loves company 
 It's not your fault I ruin everything 
 And it's not your fault I can't be what you need 
 Baby, angels like you can't fly down hell with me 
 I'm everything they said I would be 
 La-la-la 
 I'm everything they said I would be 
 I'll put you down slow, love you goodbye 
 Before you let go, just one more time 
 Take off your clothes, pretend that it's fine 
 A little more hurt won't kill you 
 Tonight, mother says, ""You don't look happy"" 
 Close your eyes 
 I know that you're wrong for me 
 Gonna wish we never met on the day I leave 
 I brought you down to your knees 
 'Cause they say that misery loves company 
 It's not your fault I ruin everything 
 And it's not your fault I can't be what you need 
 Baby, angels like you can't fly down hell with me 
 I'm everything they said I would be 
 ♪ 
 I know that you're wrong for me 
 Gonna wish we never met on the day I leave 
 I brought you down to your knees 
 'Cause they say that misery loves company 
 It's not your fault I ruin everything (everything) 
 And it's not your fault I can't be what you need 
 Baby, angels like you can't fly down hell with me, oh 
 Angels like you can't fly down hell with me 
 ",en
4,5BKJAuVMDyrFvUTo4dIaiK,Not You,Alan Walker,"In my life, in my mind 
 Where I make up stories all the time 
 And I pretend that I am not someone 
 Left to face the world alone 
 Lately I'm not the same 
 I've found a stranger calling out my name 
 Have a feeling you would be so proud 
 And he's gon' need me now 
 But he's not you 
 He's not you 
 He will never be you 
 Photobook with my mistakes 
 Promises that we never got to make 
 All the things I wanna talk about 
 Hard to say it to myself 
 Wintertime, once again 
 In the snow I can see just where I've been 
 How far I've made it in the world so cold 
 Where I have everything 
 But he's not you 
 He's not you 
 He will never be you 
 But he's not you 
 He's not you 
 He will never be you 
 ",en
5,7FbrGaHYVDmfr7KoLIZnQ7,Cupid - Twin Ver.,FIFTY FIFTY,"La, la, la, la-la-la 
 La, la-la-la, la, la-la-la 
 A hopeless romantic all my life 
 Surrounded by couples all the time 
 I guess I should take it as a sign 
 Oh, why, oh, why, oh, why, oh, why? 
 I'm feeling lonely (lonely) 
 Oh, I wish I'd find a lover that could hold me (hold me) 
 Now, I'm crying in my room 
 So skeptical of love (say what you say, but I want it more) 
 But still I want it more, more, more 
 I gave a second chance to Cupid 
 But now I'm left here feeling stupid (oh-oh-oh) 
 Oh, the way he makes me feel that love isn't real 
 Cupid is so dumb (oh, oh, oh) 
 I look for his arrows every day (ah) 
 I guess he got lost or flew away (ooh) 
 Waiting around is a waste (waste) 
 Been counting the days since November 
 Is loving as good as they say? (Ah, ah) 
 Now I'm so lonely (lonely) 
 Oh, I wish I'd find a lover that could hold me (hold me) 
 Now I'm crying in my room 
 So skeptical of love (say what you say, but I want it more) 
 But still I want it more, more, more 
 I gave a second chance to Cupid 
 But now I'm left here feeling stupid (oh-oh-oh) 
 Oh, the way he makes me feel that love isn't real 
 Cupid is so dumb (oh, oh, oh) 
 ♪ 
 Cupid is so dumb (oh, oh, oh) 
 Hopeless girl is seeking 
 Someone who will share this feeling 
 I'm a fool 
 A fool for love, a fool for love 
 I gave a second chance to Cupid 
 But now I'm left here feeling stupid (oh-oh-oh) 
 Oh, the way he makes me feel that love isn't real 
 Cupid is so dumb (oh, oh, oh) 
 I gave a second chance to Cupid (hopeless girl is seeking someone) 
 But now I'm left here feeling stupid (who will share this feeling?) 
 Oh, the way he makes me feel that love isn't real (a fool for love) 
 Cupid is so dumb (a fool for love) (oh, oh, oh) 
 ",en
6,3e1rs346dsDDwpqTRGlRZR,Somebody's Pleasure,Aziz Hedra,"I've been so busy, ignoring, and hiding 
 About what my heart actually say 
 Stay awake while I'm drowning on my thoughts 
 Sometimes a happiness is just a happiness 
 ♪ 
 I've never been enjoyin' my serenity 
 Even if I've got a lot of company 
 That makes me happy 
 Soul try to figure it out 
 From where I've been escapin' 
 Running to end all the sin 
 Get away from the pressure 
 Wondering to get a love that is so pure 
 Gotta have to always make sure 
 That I'm not just somebody's pleasure 
 I always pretending and lying 
 Like I'm used to feel empty 
 'Cause all I got is unhappy 
 Happiness, can't I get happiness? 
 I've never been enjoyin' my serenity 
 Even if I've got a lot of company 
 That makes me happy 
 Soul try to figure it out 
 From where I've been escapin' 
 Running to end all the sin 
 Get away from the pressure 
 Wondering to get a love that is so pure 
 Gotta have to always make sure 
 That I'm not just somebody's pleasure 
 It was in a blink of an eye 
 Find a way how to say goodbye 
 I've got to take me away 
 From all sadness 
 Stitch all my wounds, confess all the sins 
 And took all my insecure 
 When will I got the love that is so pure? 
 Gotta have to always make sure 
 That I'm not just somebody's pleasure 
 Gotta have 
 Gotta have to always make sure 
 That I'm not just somebody's pleasure 
 ",en
7,3i0h88q1HBtbdIg2bPxs54,Tertawan Hati,Awdella,"Oh-oh-oh-oh 
 Sudah kucoba sepenuh hati 
 Untuk menjadi malaikat 
 Menepikan perasaan, runtuhkan egoku 
 Namun, sayapku remuk 
 Bila kutanya pada diriku 
 Mengapa aku bertahan? 
 Menerima keadaan yang tak baik saja 
 Memaksakan segalanya 
 Sakit, tak sanggup 
 Sadarkah kita terlalu hancur? 
 Hilang, habis tak bersisa 
 Tapi tak mampu ku menyerah 
 Tertawan hati 
 (Ho-oh) ho-oh-uh-oh 
 Tak mau kehilangan, tapi lelah berjuang 
 Bukankah rumah tempatku bersandar? 
 Sendiri ku tak bisa, bersama ku tersiksa 
 Ini kenyataannya, kita tak baik saja 
 Sakit, tak sanggup 
 Sadarkah kita terlalu hancur? 
 Hilang, habis tak bersisa 
 Tapi tak mampu ku menyerah 
 Tertawan hati 
 (Sakit, tak sanggup) ho-oh-oh 
 (Sadarkah) ho-oh, kita terlalu hancur? 
 Hilang, habis tak bersisa 
 Tapi tak mampu ku menyerah, ho-oh-oh 
 Tak mampu ku menyerah 
 Tertawan hati 
 He-hm-mm 
 ",id
8,7nQoDLkzCcoIpKPQt3eCdN,Kau Rumahku,raissa anggiani,"Bagaikan sungai yang tak punya malu 
 Mengalir meskipun terancam surut 
 Lalu (hmm), kakimu melangkah ke rumahku 
 Setengah melirik, mencoba rayu 
 Apa yang kau inginkan 
 Dari senyumku, ya tuan? 
 Gemar sekali kau lukiskan bintang untukku 
 Sungguh lihai tanganmu menata kembali hati 
 Yang hampir mati 
 'Kan ku letakkan hangat di tengah dekap kita 
 ♪ 
 Jangan biarkan ku pulang 
 Ke rumah yang bukan engkau 
 ♪ 
 Bicarakan tentang seisi dunia 
 Perlahan mendekat, bisikkan cinta 
 Membuatku terlena 
 Ke dalam pesona sukma yang begitu indah 
 ♪ 
 Apa yang kau inginkan 
 Dari senyumku, ya tuan? 
 Ohh 
 Gemar sekali kau lukiskan bintang untukku 
 ♪ 
 Sungguh lihai tanganmu menata kembali hati 
 Yang hampir mati 
 'Kan ku letakkan hangat di tengah dekap kita 
 Jangan biarkan ku pulang 
 Ke rumah yang bukan engkau 
 ♪ 
 Jika mampu ku menjelajahi langit 
 'Kan ku petik pelangi 'tuk warnai harimu 
 Jangan khawatir, masih ada aku 
 Jangan khawatir, masih ada aku 
 ♪ 
 Gemas sekali kau lukiskan bintang untukku 
  
 Sungguh lihai tanganmu menata kembali hati 
 Yang hampir mati 
 'Kan ku letakkan hangat di tengah dekap kita 
 ♪ 
 'Kan aku persilahkan kau menetap di sini 
 ",id
9,3nHxZEe1dT7zs73DG6pNll,Usai,Tiara Andini,"Mungkin inilah waktunya 
 Mungkin inilah saatnya 
 Aku mengerti rasa sesal 
 Saat ada yang pergi menghilang 
 Kau datang mengukir luka 
 Yang sayang 'tuk dilupakan 
 Kau pergi tanpa mengajarkan 
 Cara 'tuk merelakanmu 
 Usai sudah semua cerita 
 Yang t'lah kita ukir berdua 
 Meninggalkan dirimu adalah 
 Hal terberat yang harus kujalani 
 Aku memang kehilangan 
 Kamu yang sangat kucintai 
 Namun, kau telah kehilangan 
 Aku yang sangat mencintaimu 
 (Ho-oh) uh-oh 
 Ku akan terus belajar 'tuk melupakan kamu 
 Yang begitu mudah melupakanku 
 Ho-oh 
 Usai sudah semua cerita 
 Yang t'lah kita ukir berdua 
 Meninggalkan dirimu adalah 
 Hal terberat yang harus kujalani 
 Aku memang kehilangan 
 Kamu yang sangat kucintai 
 Namun, kau telah kehilangan 
 Aku yang sangat mencintaimu 
 (Usai sudah semua cerita) oh-ho 
 (Yang t'lah kita ukir berdua) uh-oh-uh-oh 
 Meninggalkan dirimu adalah 
 Hal terberat yang harus kujalani 
 Aku memang kehilangan 
 Kamu yang sangat kucintai 
 Namun, kau telah kehilangan 
 Aku yang sangat mencintaimu, hu-oh 
 Aku yang sangat mencintaimu 
 ",id
10,50x1Ic8CaXkYNvjmxe3WXy,Those Eyes,New West,"When we're out in a crowd laughing loud 
 And nobody knows why 
 ♪ 
 When we're lost at a club, getting drunk 
 And you give me that smile 
 ♪ 
 Going home in the back of a car 
 And your hand touches mine 
 ♪ 
 When we're done making love 
 And you look up and give me those eyes 
 'Cause all of the small things that you do 
 Are what remind me why I fell for you 
 And when we're apart, and I'm missing you 
 I close my eyes and all I see is you 
 And the small things you do 
 ♪ 
 When you call me at night while you're out 
 Getting high with your friends (high with your friends) 
 Every ""hi"", every ""bye"", every ""I love you"" you've ever said 
 (You've ever said) 
 'Cause all of the small things that you do 
 Are what remind me why I fell for you 
 And when we're apart, and I'm missing you 
 I close my eyes and all I see is you 
 And the small things you do 
 ♪ 
 When we're done making love 
 And you look up and give me those eyes 
  
 'Cause all of the small things that you do 
 Are what remind me why I fell for you 
 And when we're apart, and I'm missing you 
 I close my eyes and all I see is you 
 And the small things you do 
 ♪ 
 All the small things you do 
 ",en
11,3AJwUDP919kvQ9QcozQPxg,Yellow,Coldplay,"Look at the stars 
 Look how they shine for you 
  
 And everything you do 
 Yeah, they were all yellow 
 I came along 
 I wrote a song for you 
 And all the things you do 
 And it was called Yellow 
  
 So then I took my turn 
 Oh, what a thing to have done 
 And it was all yellow 
 ♪ 
 Your skin, oh yeah, your skin and bones 
 Turn into something beautiful 
 And you know, you know I love you so 
 You know I love you so 
 ♪ 
 I swam across 
 I jumped across for you 
 Oh, what a thing to do 
 'Cause you were all yellow 
 I drew a line 
 I drew a line for you 
 Oh, what a thing to do 
 And it was all yellow 
 ♪ 
 And your skin, oh yeah, your skin and bones 
 Turn into something beautiful 
 And you know, for you, I'd bleed myself dry 
 For you, I'd bleed myself dry 
  
 ♪ 
 It's true 
 Look how they shine for you 
 Look how they shine for you 
 Look how they shine for 
 Look how they shine for you 
 Look how they shine for you 
 Look how they shine 
 Look at the stars 
 Look how they shine for you 
 And all the things that you do 
 ",en
12,78Sw5GDo6AlGwTwanjXbGh,Here With Me,d4vd,"Watch the sunrise along the coast 
 As we're both getting old 
 I can't describe what I'm feeling 
 And all I know is we're going home 
 So please don't let me go, oh 
 Don't let me go, oh-oh-oh 
 And if it's right 
 I don't care how long it takes 
 As long as I'm with you 
 I've got a smile on my face 
 Save your tears, it'll be okay 
 All I know is you're here with me 
 Oh, oh, oh, oh-oh-oh-oh-oh 
 ♪ 
 Watch the sunrise as we're getting old, oh-oh 
 I can't describe, whoa-oh 
 I wish I could live through every memory again 
 Just one more time before we float off in the wind 
 And all the time we spent 
 Waiting for the light to take us in 
 Have been the greatest moments of my life 
 I don't care how long it takes 
 As long as I'm with you, I've got a smile on my face 
 Save your tears, it'll be okay, ay, ay, ay, ay, ay-ay-ay-ay 
 Yeah, if with me 
 Oh, oh, oh, oh-oh-oh-oh-oh 
 I can't describe, oh, oh 
 ",en
13,6Hii26x3qDErVitnGW8QtO,Runtuh,Feby Putri,"Ku terbangun lagi 
 Di antara sepi 
 Hanya pikiran yang ramai 
 Mengutuki diri 
 Tak bisa kembali 
 'Tuk mengubah alur kisah 
 Ketika mereka meminta tawa 
 Ternyata rela tak semudah kata 
 ♪ 
 Tak perlu khawatir, ku hanya terluka 
 Terbiasa 'tuk pura-pura tertawa 
 Namun bolehkah s'kali saja ku menangis? 
 Sebelum kembali membohongi diri 
 ♪ 
 Ketika kau lelah 
 Berhentilah dulu 
 Beri ruang, beri waktu 
 Mereka bilang, ""Syukurilah saja"" 
 Padahal rela tak semudah kata 
 Tak perlu khawatir, ku hanya terluka 
 Terbiasa 'tuk pura-pura tertawa 
 Namun bolehkah s'kali saja ku menangis? 
 Sebelum kembali membohongi diri 
 Ha, ha, ha-ah 
 Ha, ha, ha-ah 
 Ha, ha, ha-ah-oh 
 ♪ 
 Kita hanyalah manusia yang terluka 
 Terbiasa 'tuk pura-pura tertawa 
 Namun bolehkah sekali saja ku menangis? 
 Ku tak ingin lagi membohongi diri 
 Ku ingin belajar menerima diri 
 ",id
14,3N2WeXxSjngB1DSi8vrI8C,Muak,Aruma,"Temanku bilang aku 
 Akan baik-baik saja 
 Nyatanya sulit aku 
 Sembuh dari yang lalu 
 Awal menggebu-gebu 
 Ujungnya semua rancu 
 Tahukah sakit yang tak terobati 
 Belum sempat sembuh tertikam lagi? 
 Muak 
 Aku muak 
 Katanya cinta sedalam samudra 
 Bohong, nyata kita berakhir juga 
 Muak 
 Aku muak 
 Lautan diseb'rangi (lautan diseb'rangi) 
 Alang-alang berduri dilewati 
 Kiasan penuh makna tentang cinta 
 Sudah tak mempan lagi 
 Awal menggebu-gebu 
 Ujungnya semua rancu 
 Tahukah sakit yang tak terobati (sakit) 
 Belum sempat sembuh tertikam lagi? 
 Muak 
 Aku muak 
 Katanya cinta sedalam samudra (samudra) 
 Bohong, nyata kita berakhir juga 
 Muak 
 Aku muak 
 ♪ 
 Hu-uh-uh-uh-uh 
 ♪ 
 Tahukah sakit yang tak terobati (sakit) 
 Belum sempat sembuh tertikam lagi? 
 Muak 
 Aku muak 
 Katanya cinta sedalam samudra (samudra) 
 Bohong, nyata kita berakhir juga 
 Muak 
 Aku muak 
 Bila ujungnya berakhir juga 
 Aku muak, oh-oh-oh 
 Aku muak 
 ",id
15,0otRX6Z89qKkHkQ9OqJpKt,Car's Outside,James Arthur,"I'm packin' my bags that I didn't unpack the last time 
 I'm sayin', ""See you again,"" so many times, it's becoming my tagline 
 But you know the truth, I'd rather hold you 
 Than try to catch this flight 
 So many things I'd rather say 
 But for now, it's goodbye 
 You say I'm always leavin' 
 You, when you're sleepin' alone 
 But the, the car's outside 
 But I don't wanna go tonight 
 I'm not gettin' in the Addison Lee 
 Unless you pack your bags 
 You're comin' with me 
 I'm tired of lovin' from afar 
 And never being where you are 
 Close the windows, lock the doors 
 Don't wanna leave you anymore 
 Oh-oh, ah 
 I'm starin' at the same four walls in a different hotel 
 It's an unfamiliar feelin' but I know it so well 
 Oh, but you know the truth, I'd rather hold you 
 Than this mobile in my hand 
 But I guess it'll do, 'cause for you 
 I would run up my phone bill 
 You say I'm always leavin' 
 You, when you need me the most 
 But the, the car's outside 
 But I don't wanna go tonight 
 I'm not gettin' in the Addison Lee 
 Unless you pack your bags 
 You're comin' with me 
 I'm tired of lovin' from afar 
 And never being where you are 
 Close the windows, lock the doors 
 Don't wanna leave you anymore 
 Ooh-ooh, ah 
 Ooh-ooh, ah 
 Ooh-ooh, ah 
 Don't wanna leave you anymore 
 Oh, darling, all of the city lights 
 Never shine as bright as your eyes 
 I would trade them all for a minute more 
 But the car's outside 
 And he's called me twice 
 But he's gonna have to wait tonight 
 I'm not gettin' in the Addison Lee 
 Unless you pack your bags 
 You're comin' with me 
 I'm tired of lovin' from afar 
 And never being where you are 
 Close the windows, lock the doors 
 Don't wanna leave you anymore 
 Ooh-ooh, ah 
 Ooh-ooh, ah 
 Ooh-ooh, ah 
 No, I don't wanna leave you anymore 
 (Ooh-ooh, ah) I don't wanna leave you 
 (Ooh-ooh, ah) I don't wanna leave you 
 (Ooh-ooh, ah) I don't wanna leave you 
 Don't wanna leave you anymore 
 ",en
16,1mruWrUwAVe2XkksUQiaHK,Selamat (Selamat Tinggal),Virgoun,"Di tempat ini 
 Di tempat pertama aku menemukanmu 
  
 Kembali kudatangi tempat ini 
 Tapi ku dengan yang lain 
 Samar kudengar 
 Suara yang s'lalu kukenal itu suaramu 
 Kau terlihat bahagia bersamanya 
 Dia kekasihmu yang baru 
 Aku pun terdiam 
 Saat gadis kecil berlari ke arahmu 
 Gadis kecil yang miliki mata indah 
 Persis seperti matamu 
 (Dan kau tersenyum) Aku pun tersenyum 
 Dan kugenggam tangan wanita di sampingku 
 (Dan kau genggam tangannya dan kau genggam tangannya) 
 Dan berkata lirih di dalam hati (lirih hati) 
 Tentang semua ini 
 Andai dulu kau tak pergi dari hidupku 
 Takkan mungkin kutemui cinta yang kini kumiliki 
 Cinta yang menerima kekurangan 
 Dan merubah caraku memandang dunia 
 Andai dulu kupaksakan t'rus bersamamu 
 Belum tentu kisah kita berdua berakhir bahagia 
 Kisah yang mendewasakan kita berdua 
 Meski lewat luka 
 Satu hal yang kini aku mengerti 
 Meski berat bibir ini mengucap 
 Akan s'lalu ada kata selamat 
 Dalam setiap kata selamat tinggal 
 ♪ 
 Andai dulu kau tak pergi dari hidupku (dari hidupmu) 
 Takkan mungkin kutemui cinta yang kini kumiliki (kumiliki) 
 Cinta yang menerima kekurangan (dan merubah caraku) 
 Dan merubah caraku memandang dunia (memandang dunia) 
 Andai dulu kupaksakan terus bersamamu (untuk terus bersamamu) 
 Belum tentu kisah kita berdua berakhir bahagia 
 Kisah yang mendewasakan kita berdua 
 Meski lewat luka (meski lewat luka) 
 Meski lewat luka 
 Satu hal yang kini aku mengerti 
 Meski berat bibir ini mengucap 
 Akan s'lalu ada kata selamat 
 Dalam setiap kata selamat tinggal 
 Selamat tinggal (selamat tinggal) 
 Samar kudengar 
 Di tempat ini 
 Suara yang selalu kukenal, itu suaramu 
 (Di tempat pertama aku menemukanmu) 
 ",id
17,5MIpcd16T59wFeqAChSYwC,Duka,Last Child,"Kau membunuhku dengan kepedihan ini 
 Kau hempaskanku ke dalam retaknya hati 
 Hingga air mata tak mampu 'tuk melukiskan perih 
 Yang kau ukir dalam hati ini 
 Kau hancurkan diriku saat engkau pergi 
 Setelah kau patahkan sayap ini 
 Hingga ku takkan bisa 'tuk terbang tinggi lagi 
 Dan mencari bintang yang dapat menggantikanmu 
 Sampai kini masih kucoba 
 'Tuk terjaga dari mimpiku 
 Yang buatku tak sadar bahwa kau bukan lagi milikku 
 Walau hati tak akan pernah 
 Dapat melupakan dirimu 
 Dan tiap tetes air mata yang jatuh, kuatkan rinduku 
 Pada indah bayangmu, canda tawamu 
 Pada indahnya duka dalam kenangan kita 
 ♪ 
 ♪ 
 Kau hancurkan diriku saat engkau pergi 
 Setelah kau patahkan sayap ini 
 Hingga ku takkan bisa 'tuk terbang tinggi lagi 
 Dan mencari bintang yang dapat menggantikanmu 
 Sampai kini masih kucoba (masih kucoba) 
 'Tuk terjaga dari mimpiku 
 Yang buatku tak sadar bahwa kau bukan lagi milikku 
 Walau hati tak akan pernah (tak akan pernah) 
 Dapat melupakan dirimu 
 Dan tiap tetes air mata yang jatuh, kuatkan rinduku 
 Pada indah bayangmu, canda tawamu 
 Pada indahnya duka dalam kenangan kita 
 ♪ 
 Sampai kini masih kucoba (masih kucoba) 
 'Tuk terjaga dari mimpiku 
 Yang buatku tak sadar bahwa kau bukan lagi milikku 
 Walau hati tak akan pernah (tak akan pernah) 
 Dapat melupakan dirimu 
 Dan tiap tetes air mata yang jatuh, kuatkan rinduku 
 Pada indah bayangmu, canda tawamu 
 Pada indahnya duka dalam kenangan kita 
 ",id
18,0PtJbtW50jcvvswNPn3QGd,Serana,For Revenge,"Di setiap masa yang telah kulewati 
 Meluap bersama kisah tak terganti 
 Senja mulai membiru, menunggu yang berlalu 
 Haru air mata menyela, iringi rindunya 
 Jika ku merasa sepi 
 Kembalilah ke tempatku menanti 
 Sebelum waktu menuntut mati 
 (Ha-ah-oh-oh) 
 (Ha-ah-oh-oh) 
 (Ha-ah-oh-oh) 
 (Ha-ah-oh-oh) 
 Beri tahu aku cara melupakanmu 
 Seperti kauajarkanku dewasa 
 Beri tahu aku cara merelakanmu 
 Seperti kauajarkanku bahagia 
 ♪ 
 (Ah-ah-oh-oh) 
 (Ha-ah-oh-oh) 
 Biarkanku menepi jika kau akan kembali 
 Dan yakinkanku bahwa kau t'lah temukan yang kaucari 
 Izinkanku membenci pada sang pengganti 
 Dan yakinkanku bahwa kau t'lah temukan yang kaucari 
 Beri tahu aku cara melupakanmu 
 Seperti kauajarkanku dewasa 
 Beri tahu aku cara merelakanmu 
 Seperti kauajarkanku bahagia 
 Beri tahu aku cara melupakanmu 
 Seperti kauajarkanku dewasa 
 Beri tahu aku cara merelakanmu 
 Seperti kauajarkanku untuk s'lalu sempurna 
 ",id
19,2LlOeW5rVcvl3QcPNPcDus,Always,Daniel Caesar,"Baby, baby 
 There will always be a space for you and me 
 Right where you left it 
 And just maybe 
 Enough time will pass 
 We'll look back and laugh 
 Just don't forget it 
 And maybe I'm wrong 
 For writing this song 
 Losing my head over you 
 And I'll be here 
 'Cause we both know how it goes 
 I don't want things to change 
 I pray they stay the same always 
 And I don't care 
 If you're with somebody else 
 I'll give you time and space 
 Just know I'm not a phase 
 I'm always, ways, ways 
 Always, ways, ways 
 I'm always, ways, ways 
 Pretty lady, used to walk with me 
 Down Bloor street, oh, what a time 
 And I still remember the fussin', the fightin', the fuckin', the lyin' 
 It's all fine, you'll always be mine 
 And maybe I'm wrong (hey, babe, you could) 
 For writing this song (write me a song) 
 Losing my head over you 
 And I'll be here 
 'Cause we both know how it goes 
 I don't want things to change 
 I pray they stay the same always 
 And I don't care 
 If you're with somebody else 
 I'll give you time and space 
 Just know I'm not a phase 
 I'm always, ways, ways 
 Always, ways, ways 
 I'm always, ways, ways 
 Always, can count on it sure as the stars in the sky 
 Always, you can count on it sure as the stars in the sky 
 Always, my love for you ain't goin' nowhere 
 Always, I will be here 
 ",en
20,1Qrg8KqiBpW07V7PNxwwwL,Kill Bill,SZA,"I'm still a fan even though I was salty 
 Hate to see you with some other broad, know you happy 
 Hate to see you happy if I'm not the one driving 
 I'm so mature, I'm so mature 
 I'm so mature, I got me a therapist to tell me there's other men 
 I don't want none, I just want you 
 If I can't have you, no one should 
 I might 
 I might kill my ex, not the best idea 
 His new girlfriend's next, how'd I get here? 
 I might kill my ex, I still love him though 
 Rather be in jail than alone 
 I get the sense that it's a lost cause 
 I get the sense that you might really love her 
 The text gon' be evidence, this text is evidence 
 I tried to ration with you, no murders or crimes of passion, but damn 
 You was out of reach 
 You was at the farmer's market with your perfect peach 
 Now I'm in the basement, planning home invasion 
 Now you laying face-down, got me singing over a beat 
 I'm so mature, I'm so mature 
 I'm so mature, I got me a therapist to tell me there's other men 
 I don't want none, I just want you 
 If I can't have you, no one will 
 (I might) 
 I might kill my ex, not the best idea 
 His new girlfriend's next, how'd I get here? 
 I might kill my ex, I still love him though 
 Rather be in jail than alone 
 I did it all for love (love) 
 I did it all on no drugs (drugs) 
 I did all of this sober 
 I did it all for us, oh 
 I did it all for love (love) 
 I did it all of this on no drugs (drugs) 
 I did all of this sober 
 Don't you know I did it all for us? (I'll kill your ass tonight) 
 Uh, I just killed my ex (my ex) 
 Not the best idea (idea) 
 Killed his girlfriend next, how'd I get here? 
  
 I just killed my ex (my ex) 
 I still love him, though (I do) 
 Rather be in Hell than alone 
 ",en
21,1dQQ2QlnvXUehsRUrukKmf,Right Now,One Direction,"Lights go down, and the night is calling to me, yeah 
 I hear voices singing songs in the street 
 And I know that we won't be going home for so long, for so long 
 But I know that I won't be on my own, yeah 
 I love this feeling and 
 Right now 
 I wish you were here with me (Oh-ooh) 
 'Cause right now 
 Everything is new to me (Oh-ooh) 
 You know I can't fight the feeling 
 And every night I feel it 
 Right now 
 I wish you were here with me (Oh-ooh) 
 Late night spaces 
 With all our friends, you and me, yeah 
 Love these faces 
 Just like how it used to be 
 And we won't be going home 
 For so long, for so long 
 But I know, I won't be on my own 
 On my own, I'm feeling like 
 Right now 
 I wish you were here with me (Oh-ooh) 
 'Cause right now 
 Everything is new to me (Oh-ooh) 
 You know I can't fight the feeling 
 And every night I feel it 
 Right now 
 I wish you were here with me (Oh-ooh) 
 And I could do this forever (Woah-oh-oh, woah-oh-oh) 
 And let's go crazy together (Woah-oh-oh, woah-oh-oh) 
 Lights go down, and 
 I hear you calling to me, yeah 
 Right now 
 I wish you were here with me (Oh-ooh) 
 'Cause right now 
 Everything is new to me (Oh-ooh) 
 You know I can't fight the feeling 
 And every night I feel it 
 Right now 
 I wish you were here with me (Oh-ooh) 
 ",en
22,6Iq3sgLVrqqZfRitLaeHkn,Sisa Rasa,Mahalini,"Ha-ah-ah-ah 
 Melihatmu bahagia, satu hal yang terindah 
 Anug'rah cinta yang pernah kupunya 
 Kau buatku percaya ketulusan cinta 
 Seakan kisah sempurna 'kan tiba 
 Masih jelas teringat pelukanmu yang hangat 
 Seakan semua tak mungkin menghilang 
 Kini hanya kenangan yang telah kau tinggalkan 
 Tak tersisa lagi waktu bersama 
 Mengapa masih ada 
 Sisa rasa di dada 
 Di saat kau pergi begitu saja? 
 Mampukah ku bertahan 
 Tanpa hadirmu, sayang? 
 Tuhan, sampaikan rindu untuknya (rindu untuknya) 
 Masih jelas teringat (jelas teringat) pelukanmu yang hangat 
 Seakan semua tak mungkin menghilang (menghilang) 
 Kini hanya kenangan yang t'lah kau tinggalkan 
 Tak tersisa lagi waktu bersama (waktu bersama) 
 Mengapa masih ada 
 Sisa rasa di dada 
 Di saat kau pergi begitu saja? (Begitu saja) 
 Mampukah ku bertahan 
 Tanpa hadirmu, sayang? 
 Tuhan, sampaikan rindu untuknya 
 (Masih tersimpan) Oh, masih tersimpan 
 Setiap kеnangan, ho-wo-wo-oh 
 Semua cinta yang kau beri 
 Kau takkan terganti 
 Mеngapa masih ada (masih ada) 
 Sisa rasa di dada (rasa di dada) 
 Di saat kau pergi begitu saja? 
 Mampukah ku bertahan 
 (Tanpa hadirmu, sayang?) 
 Tuhan, sampaikan rindu untuknya 
 ♪ 
 Sampaikan rinduku untuknya 
 ",id
23,29lBFGkfr7EoJlb3lxi9Ij,Menyesal,Yovie Widianto,"Semula, ku tak yakin 
 Kaulakukan ini padaku 
 Meski di hati merasa 
 Kau berubah saat kau mengenal dia 
 Bila cinta tak lagi untukku 
 Bila hati tak lagi padaku 
 Mengapa harus dia yang merebut dirimu? Ho-oh 
 Bila aku tak baik untukmu 
 Dan bila dia bahagia dirimu 
 Aku 'kan pergi meski hati tak akan rela 
 Ha-ah-ha 
 Terkadang ku menyesal 
 Mengapa kukenalkan dia padamu? 
 Bila cinta tak lagi untukku 
 Bila hati tak lagi padaku 
 Mengapa harus dia yang merebut dirimu? Ho-oh 
 Bila aku tak baik untukmu 
 Dan bila dia bahagia dirimu 
 Aku 'kan pergi meski hati tak akan rela 
  
 ♪ 
 Uh-hu-oh 
 Uh-uh-uh (uh-uh) 
 Uh-uh (ho-ho) 
 Bila cinta tak lagi untukku (bila cinta) 
 Bila hati tak lagi padaku (tak lagi untukku) 
 Mengapa harus (mengapa harus) 
 Dia merebut dirimu? (Ho-oh-oh) ho-oh-oh 
 Bila aku tak baik untukmu 
 Dan bila dia bahagia dirimu 
 Aku 'kan pergi meski hati tak akan rela 
  
 Terkadang ku menyesal 
 Mengapa kukenalkan dia padamu? 
 Ha-ha-ah (hu-oh) 
 ",id
24,53fKDMfQhWMSw7QKVDOTBP,Cintanya Aku,Tiara Andini,"Tergetar aku tepat di hadapanmu 
 Debar jantungku berdetak saat kugenggam tanganmu 
 Beruntung aku kini dapatkan cintamu 
 Yang tercantik di hatiku sejak awal ku bertemu 
 Janji padaku, jangan kau lukai hati 
 Seperti kisah yang lalu 
 Kau bukan cinta pertamaku 
 Namun aku berharap 
 Mulai hari ini, saat ini 
 Engkau cintanya aku 
 Yang kurasakan denganmu semua berbeda 
 Kekasih yang baik hati kini ada di sampingku 
 Janji padaku, jangan ada lagi 
 Hati yang lain selain aku (o-oh) 
 Kau bukan cinta pertamaku 
 Namun aku berharap 
 Mulai hari ini, saat ini 
 Engkau cintanya aku 
  
 Jangan pernah ragukan kesetiaan hatiku (ho-oh) 
 Ku tak inginkan bila ini terbagi 
 Cinta, hu-woo 
 ♪ 
 Engkau cintanya aku 
 Kau bukan cinta pertamaku (o-oh) 
 Namun aku berharap 
 Mulai hari ini, saat ini 
 Engkau cintanya aku 
 Kau bukan cinta pertamaku 
 Namun aku berharap 
 Mulai hari ini, saat ini 
 Engkau cintanya aku 
 Mulai hari ini, saat ini 
 Engkau cintanya aku 
 Hmm-mm 
 Satu untuk s'lamanya 
 ♪ 
 Hu-hu-hu 
 ",id
25,1USA6DXJ1qsucoKnDu4vnu,Tak Kan Hilang,Budi Doremi,"Jangan pergi dari diriku 
 Tak sanggup harus hidup tanpamu 
 Kar'na jauh lebih indah 
 Bila kita bersama 
 Seperti yang terjadi kemarin 
 ♪ 
 Kini harus aku lewati 
 Langkah demi langkah yang menyepi 
 Membalut luka lagi 
 Yang kutahan hingga kini 
 Habis sudah nafasku 
 Menyebutmu namamu, ho-oh 
 Takkan hilang cintaku padamu 
 Takkan hilang walau kau memilih pergi 
 Takkan hilang 
 Sampai di ujung waktuku 
 Mencintamu 
 Tak terganti 
 Takkan hilang cintaku padamu 
 Padamu, wo-oh-oh-oh-ho, ho-oh 
 Takkan hilang cintaku padamu 
 Takkan hilang walau kau memilih pergi 
 Takkan hilang 
 Sampai di ujung waktuku 
 Takkan hilang 
 ♪ 
 Takkan hilang 
 Sampai di ujung waktuku 
 Takkan hilang cintaku padamu 
 Takkan hilang walau kau memilih pergi 
 Takkan hilang 
 Sampai di ujung waktuku 
 Mencintamu, wo-oh-oh-ho 
 Ku masih mencintaimu 
 ",id
26,22k5lgD5F7Pc7BodEMzDrY,Saat Kau Telah Mengerti,Virgoun,"Nak, bila suatu saat kau dengarkan lagu ini 
 Dan aku sudah tak ada lagi di sampingmu 
 Kau akan mengerti 
 Mengapa begitu menyebalkannya ku di matamu 
 ♪ 
 Nak, jika saat nanti kau telah hidup sendiri 
 Dan dunia ternyata tak seperti harapanmu 
 Ku ada di sini 
 Menjadi rumah yang s'lalu menanti kepulanganmu 
 Kelak kau 'kan jadi orang tua seperti aku 
 Yang ingin anakmu bahagia dengan hidupnya 
 ♪ 
 Bila bentakan kecilku patahkan hatimu 
 Lebih keras dari itu, dunia 'kan menghakimimu 
 Kubentuk dirimu menjadi engkau hari ini 
 Kau harus kuat, kau harus hebat 
 Permata hatiku 
 ♪ 
 Nak, 'kan tiba waktu kau harus tentukan jalanmu 
 Yang mungkin tak searah dan indah di mataku 
 'Pabila terjadi 
 Berjanjilah kau akan s'lalu menjadi dirimu sendiri 
 Kelak kau 'kan jadi orang tua seperti aku 
 Yang ingin anakmu berkuasa atas hidupnya 
 Bila bentakan kecilku patahkan hatimu 
 Lebih keras dari itu, dunia 'kan menghakimimu 
 Kubentuk dirimu menjadi engkau hari ini 
 Kau harus kuat, kau harus hebat 
 Permata hatiku 
 ♪ 
 Bila bentakan kecilku patahkan hatimu 
 Lebih keras dari itu, dunia 'kan menghakimimu 
 Kubentuk dirimu menjadi engkau hari ini 
 Kau harus kuat, kau harus hebat 
 Aku adalah jemari dan ibumu penanya 
 Dan kaulah puisi terindah yang pernah tercipta 
 Semoga belaian kasihku lembutkan hatimu 
 ♪ 
 Kau harus megah, kau harus indah 
 Kau harus kuat, kau harus hebat 
 Permata hatiku 
 ",id
27,2bdVgAQgosGUJoViVDNeOV,LIMBO,keshi,"I've just been goin' through motions, back and forth like a ocean 
 I am a fraud, I am the shit, hoping that nobody notice 
 Bang chest in the morning, head down in the night 
 Drink less if I wanted, strike up with a light 
 And square up, I'm the mightiest 
 Myself in the fight, hurt twice, but I tried it 
 No advice for this shit, might die for this shit 
 Do I feel alive, feel alive, feel alive? 
 Feel more like limbo, hands out my window 
 Chasin' that sunset, that's more my tempo 
 Yeah, that's more my tempo 
 Ooh, but this is all that I am 
 I only show you the best of me 
 The best of me 
 Looked in my demons and saw myself 
 Put all my meaning in someone else 
 Outta sight, outta mind, don't know where to find it 
 Don't know where to hide, but I still 
 Eat good, drink good, feel good, it's all good 
 Can't hear my head when I'm sat beside ya 
 Fucked lungs and a liver, good looks in the mirror 
 Do I feel alive, feel alive, feel alive? 
 Feel more like limbo, hands out my window 
 Chasin' that sunset, that's more my tempo 
 That's more my tempo 
 (Keshi) ooh, but this is all that I am 
 I'll only show you the best of me 
 The best of me 
 Ooh, tryin', but I'm just a man 
 Hopin' it won't get the best of me 
 The best of me 
 ",en
28,4GfK1qOF3uBWidbPlTCQRL,Monokrom,Tulus,"Lembaran foto hitam-putih 
 Aku coba ingat lagi warna bajumu kala itu 
 Kali pertama di hidupku 
 Manusia lain memelukku 
 Lembaran foto hitam-putih 
 Aku coba ingat lagi wangi rumah di sore itu 
 Kue cokelat, balon warna-warni 
 Pesta hari ulang tahunku 
 Di mana pun kalian berada 
 Kukirimkan terima kasih 
 Untuk warna dalam hidupku dan banyak kenangan indah 
 Kau melukis aku 
 ♪ 
 Lembaran foto hitam-putih 
 Kembali teringat malam, kuhitung-hitung bintang 
 Saat mataku sulit tidur, mm-mm 
 Suaramu buatku lelap, mm-mm 
 Di mana pun kalian berada 
 Kukirimkan terima kasih 
 Untuk warna dalam hidupku dan banyak kenangan indah 
 Kau melukis aku 
 Kita tak pernah tahu 
 Berapa lama kita diberi waktu 
 Jika aku pergi lebih dulu, jangan lupakan aku 
 Ini lagu untukmu, ungkapan terima kasihku 
 ♪ 
 Lembar monokrom hitam-putih 
 Aku coba ingat warna demi warna di hidupku 
 Tak akan ku mengenal cinta 
 Bila bukan kar'na hati baikmu 
 ",id
29,6raMBnVBIvvUngMLyDdzyP,Rumah Singgah,Fabio Asher,"Saat hatimu terluka 
 Akulah yang menemanimu 
 Membasuh air matamu 
 ♪ 
 Namun, mengapa ketika 
 Hatimu t'lah tersenyum lagi 
 Aku yang kaulupa? 
 ♪ 
 Tak sadarkah selama ini 
 Ku juga s'lalu menginginkanmu? 
 Mengapa sulit 
 Untuk ku bisa miliki hatimu? 
 Bahkan s'lama ini 
 Hadirku tak berharga untukmu 
 Yang terjadi kini 
 Ku hanya rumah persinggahanmu di saat kau terluka 
 Dan di saat semuanya reda 
 Kau menghilang begitu saja 
 ♪ 
 Jika memang ini tak ada harapan 
 Mengapa aku yang harus jadi tujuan? 
 Saat hatimu terluka, aku yang jadi obatnya 
 Tanpa pernah kauhargai cinta dan kasih yang setulus ini 
 Mengapa sulit 
 Mengapa sulit 
 Untuk ku bisa miliki hatimu? 
 Bahkan s'lama ini 
 Hadirku tak berharga untukmu, ho-ho-ho 
 Yang terjadi kini 
 Ku hanya rumah persinggahanmu di saat kau terluka 
 Dan di saat semuanya reda 
 Kau menghilang begitu saja 
 Dan di saat semuanya reda 
 Kau menghilang begitu saja 
 ",id
30,2UgCs0i0rNHUH2jKE5NZHE,Sempurna,Andra & The Backbone,"Kau begitu sempurna 
 Dimataku kau begitu indah 
 Kau membuat diriku akan s'lalu memujamu 
 ♪ 
 Disetiap langkahku 
 Kukan s'lalu memikirkan dirimu 
 Tak bisa kubayangkan hidupku tanpa cintamu 
 ♪ 
 Janganlah kau tinggalkan diriku 
 Takkan mampu menghadapi semuaa 
 Hanya bersamamu ku akan bisa 
 Kau adalah darahku 
 Kau adalah jantungku 
 Kau adalah hidupku 
 Lengkapi diriku 
 Oh sayangku, kau begitu 
  
 Sempurna, Sempurna... 
 Kau genggam tanganku 
 Saat diriku lemah dan terjatuh 
 Kau bisikkan kata dan hapus semua sesalku 
 ♪ 
 Janganlah kau tinggalkan diriku 
 Takkan mampu menghadapi semua 
 Hanya bersamamu ku akan bisa 
 Kau adalah darahku 
 Kau adalah jantungku 
 Kau adalah hidupku 
 Lengkapi diriku 
 Oh sayangku, kau begitu 
 ♪ 
 Sempurna, Sempurna... 
 ♪ 
 Janganlah kau tinggalkan diriku 
 Takkan mampu menghadapi semua 
 Hanya bersamamu ku akan bisa 
 Kau adalah darahku 
 Kau adalah jantungku 
 Kau adalah hidupku 
 Lengkapi diriku 
 Oh sayangku, kau begitu 
 Kau adalah darahku (darahhku) 
 Kau adalah jantungku (jantungku) 
 Kau adalah hidupku (hidupku) 
 Lengkapi diriku 
 Oh sayangku, kau begitu 
 Sayangku, kau begitu 
 Sempurna, Sempurna... 
 ",id
31,3TFdXrYIubXABQh0CxIiSs,Asmalibrasi,Soegi Bornean,"Asmara telah terkalibrasi frekuensi yang sama 
 Saatnya 'tuk mengikat janji merangkum indahnya 
 Laras rasa nihil ragu 
 Biar, biarlah merayu di ruang biru 
 Bias kita jadi taksu gairah kalbu mendayu 
 Sabda diramu 
 Jadikan hanya aku satu-satunya 
 Sang garwa pambage, sang pelipur lara 
 Nyanyikan 'ku kidung setia 
 Jadikan hanya aku satu-satunya 
 Sang garwa pambage, sang pelipur lara 
 Nyanyikan 'ku kidung setia 
 ♪ 
 Kini saatnya merangkai binar asmara 
 Melebur 'tuk satukan ego dalam indahnya 
 Berdansa dalam bahtera mahligai rasa 
 Merajut ketulusan jiwa 
 Mengabdi dalam indahnya kalbu 
 Mengukir ruang renjana selamanya 
 Jadikan hanya aku satu-satunya 
 Sang garwa pambage, sang pelipur lara 
 Nyanyikan 'ku kidung setia 
 Jadikan hanya aku satu-satunya 
 Sang garwa pambage, sang pelipur lara 
 Nyanyikan 'ku kidung setia 
 ♪ 
 Berdansa dalam bahtera mahligai rasa 
 Merajut ketulusan jiwa 
 Mengabdi dalam indahnya kalbu 
 Mengukir ruang renjana selamanya 
 Jadikan hanya aku satu-satunya 
 Sang garwa pambage, sang pelipur lara 
 Nyanyikan 'ku kidung setia 
 Jadikan hanya aku satu-satunya 
 Sang garwa pambage, sang pelipur lara 
 Nyanyikan 'ku kidung setia 
 Asmara telah terkalibrasi 
 Asmara telah terkalibrasi 
 Dan jadikan 'ku kidung setia 
 Asmara telah terkalibrasi 
 Asmara telah terkalibrasi 
 Dan jadikan 'ku kidung setia 
 ",id
32,2hHeGD57S0BcopfVcmehdl,Hati-Hati di Jalan,Tulus,"Perjalanan membawamu 
 Bertemu denganku, ku bertemu kamu 
 Sepertimu yang kucari 
 Konon aku juga s'perti yang kaucari 
 Kukira kita Asam dan Garam 
 Dan kita bertemu di Belanga 
 Kisah yang ternyata tak seindah itu 
 ♪ 
 Kukira kita akan bersama 
 Begitu banyak yang sama 
 Latarmu dan latarku 
 Kukira takkan ada kendala 
 Kukira ini 'kan mudah 
 Kau-aku jadi kita 
 Kasih sayangmu membekas 
 Redam kini sudah pijar istimewa 
 Entah apa maksud dunia 
 Tentang ujung cerita, kita tak bersama 
 Semoga rindu ini menghilang 
 Konon katanya waktu sembuhkan 
 Akan adakah lagi yang sepertimu? 
 Kukira kita akan bersama 
 Begitu banyak yang sama 
 Latarmu dan latarku 
 Kukira takkan ada kendala 
 Kukira ini 'kan mudah 
 Kau-aku jadi kita 
 Kau melanjutkan perjalananmu 
 Ku melanjutkan perjalananku 
 ♪ 
 Uh-uh, uh-uh 
 ♪ 
 Kukira kita akan bersama 
 Begitu banyak yang sama 
 Latarmu dan latarku 
 Kukira takkan ada kendala 
 Kukira ini 'kan mudah 
 Kau-aku jadi kita 
 Kukira kita akan bersama 
 ♪ 
 Hati-hati di jalan 
 ",id
33,5O2P9iiztwhomNh8xkR9lJ,Night Changes,One Direction,"Going out tonight, changes into something red 
 Her mother doesn't like that kind of dress 
 Everything she never had, she's showing off 
  
 Driving too fast, moon is breaking through her hair 
 She's headin' for something that she won't forget 
 Having no regrets is all that she really wants 
 ♪ 
 We're only getting older, baby 
 And I've been thinking about it lately 
 Does it ever drive you crazy 
 Just how fast the night changes? 
 Everything that you've ever dreamed of 
 Disappearing when you wake up 
 But there's nothing to be afraid of 
 Even when the night changes 
 It will never change me and you 
 Chasing her tonight, doubts are running 'round her head 
 He's waiting, hides behind a cigarette 
 Heart is beating loud and she doesn't want it to stop 
  
 Moving too fast, Moon is lighting up her skin 
 She's falling, doesn't even know it yet 
 Having no regrets is all that she really wants 
 ♪ 
 We're only getting older, baby 
 And I've been thinking about it lately 
 Does it ever drive you crazy 
 Just how fast the night changes? 
 Everything that you've ever dreamed of 
 Disappearing when you wake up 
 But there's nothing to be afraid of 
 Even when the night changes 
 It will never change me and you 
 ♪ 
 Going out tonight, changes into something red 
 Her mother doesn't like that kind of dress 
 Reminds her of the missing piece of innocence she lost 
 We're only getting older, baby 
 And I've been thinking about it lately 
 Does it ever drive you crazy 
 Just how fast the night changes? 
 Everything that you've ever dreamed of 
 Disappearing when you wake up 
 But there's nothing to be afraid of 
 Even when the night changes 
 It will never change, baby 
 It will never change, baby 
 It will never change me and you 
 ",en
34,630DpnzdfjdVqv2yLfPbAX,Bertaut,Nadin Amizah,"Bun, hidup berjalan seperti bajingan 
 ♪ 
 Seperti landak yang tak punya teman 
 ♪ 
 Ia menggonggong bak suara hujan 
 Dan kau pangeranku, mengambil peran 
 ♪ 
 Bun, kalau saat hancur ku disayang 
 ♪ 
 Apalagi saat ku jadi juara 
  
 Saat tak tahu arah kau di sana 
  
 Menjadi gagah saat ku tak bisa 
 Sedikit kujelaskan tentangku dan kamu 
 Agar seisi dunia tahu 
 Keras kepalaku sama denganmu 
 Caraku marah, caraku tersenyum 
 Seperti detak jantung yang bertaut 
 Nyawaku nyala karena denganmu 
 Aku masih ada sampai di sini 
 Melihatmu kuat setengah mati 
 Seperti detak jantung yang bertaut 
 Nyawaku nyala karena denganmu 
 ♪ 
 Bun, aku masih tak mengerti banyak hal 
 Semuanya berenang di kepala 
 ♪ 
 Dan kau dan semua yang kau tahu tentangnya 
 Menjadi jawab saat ku bertanya 
 Sedikit kujelaskan tentangku dan kamu 
 Agar seisi dunia tahu 
 Keras kepalaku sama denganmu 
 Caraku marah, caraku tersenyum 
 Seperti detak jantung yang bertaut 
 Nyawaku nyala karena denganmu 
 Aku masih ada sampai di sini 
 Melihatmu kuat setengah mati 
 Seperti detak jantung yang bertaut 
 Nyawaku nyala karena denganmu 
 Semoga lama hidupmu di sini 
 Melihatku berjuang sampai akhir 
 Seperti detak jantung yang bertaut 
 Nyawaku nyala karena denganmu 
 ",id
35,1ZPVEo8RfmrEz8YAD5n6rW,Lantas,Juicy Luicy,"Lima hari sudah kurindu 
 Tak bisa ku menghubungimu 
 Kau sedang dengan dirinya, sedang kita rahasia 
 Kapankah kau ada waktu sembunyi untuk bertemu? 
 Baru kausapa, ku tersipu 
 Kaupuji, lupa amarahku 
 Karena kau paling tahu cara lemahkan hatiku 
 Walau tak ada yang pasti, yang kauberi hanya mimpi 
 Lantas mengapa ku masih menaruh hati? 
 Padahal ku tahu kau t'lah terikat janji 
 Keliru ataukah bukan? Tak tahu 
 Lupakanmu, tapi aku tak mau 
 ♪ 
 Oh-wo-oh 
 Baru kausapa, ku tersipu (tersipu) 
 Kaupuji, lupa amarahku 
 Karena kau paling tahu (paling tahu) cara lemahkan hatiku (hatiku) 
 Walau tak ada yang pasti, yang kauberi hanya mimpi 
 Lantas mengapa ku masih menaruh hati? 
 Padahal ku tahu kau t'lah terikat janji 
 Keliru ataukah bukan? Tak tahu 
 Lupakanmu, tapi aku tak mau 
 Pantaskah aku menyimpan rasa cemburu? 
 Padahal bukan aku yang memilikimu 
 Sanggup sampai kapankah? Ku tak tahu 
 Akankah akal sehat menyadarkanku? 
 ♪ 
 ♪ 
 Oh-wo-oh 
 Uh-uh 
 Lantas mengapa ku masih menaruh hati? 
 Lantas mengapa ku masih menaruh hati? 
 Padahal ku tahu kau t'lah terikat janji 
 Keliru ataukah bukan? Tak tahu 
 Lupakanmu, tapi aku tak mau (pantaskah ku) 
 Pantaskah aku ('tuk menyimpan) 
 Untuk menyimpan (rasa cemburu?) 
 Kar'na bukan aku yang milikimu 
 Sanggup sampai kapankah? Ku tak tahu 
 Akankah akal sehat menyadarkanku? 
 ",id
36,5XeFesFbtLpXzIVDNQP22n,I Wanna Be Yours,Arctic Monkeys,"I wanna be your vacuum cleaner 
 Breathing in your dust 
 I wanna be your Ford Cortina 
 I will never rust 
 If you like your coffee hot 
 Let me be your coffee pot 
 You call the shots, babe 
 I just wanna be yours 
 Secrets I have held in my heart 
 Are harder to hide than I thought 
 Maybe I just wanna be yours 
 I wanna be yours 
 I wanna be yours 
 Wanna be yours 
 Wanna be yours 
 Wanna be yours 
 Let me be your 'leccy meter 
 And I'll never run out 
 Let me be the portable heater 
 That you'll get cold without 
 I wanna be your setting lotion 
 Hold your hair in deep devotion (I'll be) 
 At least as deep as the Pacific Ocean 
 Now I wanna be yours 
 Secrets I have held in my heart 
 Are harder to hide than I thought 
 Maybe I just wanna be yours 
 I wanna be yours 
 I wanna be yours 
 Wanna be yours 
 Wanna be yours 
 Wanna be yours 
 Wanna be yours 
 Wanna be yours 
 Wanna be yours 
 Wanna be yours 
 Wanna be yours 
 I wanna be your vacuum cleaner (Wanna be yours) 
 Breathing in your dust (Wanna be yours) 
 I wanna be your Ford Cortina (Wanna be yours) 
 I will never rust (Wanna be yours) 
 I just wanna be yours (Wanna be yours) 
 I just wanna be yours (Wanna be yours) 
 I just wanna be yours (Wanna be yours) 
 ",en
37,1VMtsqCaMNErFRmmvt4exv,Seandainya,Vierra,"Kelak kau 'kan menjalani hidupmu sendiri 
 Melukai kenangan yang telah kita lalui 
 Yang tersisa hanya aku sendiri di sini 
 Kau akan terbang jauh menembus awan 
 Memulai kisah baru tanpa diriku 
 Seandainya kau tau ku tak ingin kau pergi 
 Meninggalkanku sendiri bersama bayanganku 
 Seandainya kau tau aku 'kan selalu cinta 
 Jangan kau lupakan kenangan kita selama ini 
 ♪ 
 Kelak kau 'kan menjalani hidupmu sendiri 
 Melukai kenangan yang telah kita lalui 
 Kau akan terbang jauh menembus awan 
 Memulai kisah baru tanpa diriku 
  
 Seandainya kau tau ku tak ingin kau pergi 
 Meninggalkanku sendiri bersama bayanganku 
 Seandainya kau tau aku 'kan selalu cinta 
 Jangan kau lupakan kenangan kita selama ini 
 ♪ 
 Selama ini 
 ♪ 
 Seandainya kau tau ku tak ingin kau pergi 
 Oh-oo 
 Meninggalkanku sendiri bersama bayanganku 
 Seandainya kau tau aku 'kan selalu cinta 
 Jangan kau lupakan kenangan kita selama ini 
 Ha-aa-oo 
 Selama ini 
 ",id
38,5zsVcDTZEKISPTCLYiTdwb,L,Hal,"Sungguh tak terasa 
 Sudah tujuh tahun 
 Rotasi waktu hidupku 
 Binar mata yang membiru 
 Hari-hari yang lesu 
 Aku menunggu kamu 
 Selalu aku lihat belakang punggungmu 
 Di saat kau lihat belakang punggung pria lain 
 Menunggu kau menoleh dan berlari ke arahku 
 Dan memelukku seerat-eratnya 
 ♪ 
 Sudah aku coba 
 Untuk menghapusmu 
 Naifku hanya jelaga 
 ♪ 
 Di rindu pada siapa 
 Ku masih merasakannya 
 Kamu masih penyebabnya 
 Selalu aku lihat belakang punggungmu 
 Di saat kau lihat belakang punggung pria lain 
 Menunggu kau menoleh dan berlari ke arahku 
 Dan memelukku seerat-eratnya 
 Selalu aku lihat belakang punggungmu 
 Di saat kau lihat belakang punggung pria lain 
 Menunggu kau menoleh dan berlari ke arahku 
 Dan memelukku seerat-eratnya 
 ♪ 
 Mencoba berdamai dengan diriku 
 Tapi kau s'lalu tahu itu, bagaimana mungkin? 
 Ketika kau masih jadi satu-satunya alasanku menunggu 
 Di lini waktuku 
  
 Sungguh tak terasa 
 Sudah tujuh tahun 
 Habiskan masa mudaku 
  
 Hanya untuk membuatmu 
 Terkesan kepadaku 
 Begitu bodohnya aku 
 ",id
39,69CrOS7vEHIrhC2ILyEi0s,FLOWER,JISOO,"Eh-eh, eh, eh 
 ♪ 
 Eh-eh, eh, eh 
 ♪ 
 ABC, 도레미 
 만큼 착했던 나 
 그 눈빛이 싹 변했지 
 어쩌면 이 또한 나니까 
 난 파란 나비처럼 날아가 
 잡지 못한 건 다 네 몫이니까 
 활짝 꽃피웠던 시간도 
 이제 모두 내겐 lie, lie, lie 
 붉게 타버려진 너와 나 
 난 괜찮아, 넌 괜찮을까? 
 구름 한 점 없이 예쁜 날 
 꽃향기만 남기고 갔단다 
 ♪ 
 꽃향기만 남기고 갔단다 
 You and me, 미칠 듯이 
 뜨거웠지만 
 처참하게 짓밟혀진 
 내 하나뿐인 라일락 
 난 하얀 꽃잎처럼 날아가 
 잡지 않은 것은 너니까 
 살랑살랑 부는 바람에 이끌려 
 봄은 오지만 우린 bye, bye, bye 
 붉게 타버려진 너와 나 
 난 괜찮아, 넌 괜찮을까? 
 구름 한 점 없이 예쁜 날 
 꽃향기만 남기고 갔단다 
 ♪ 
 꽃향기만 남기고 갔단다 
 이젠 안녕, goodbye! 
 뒤는 절대 안 봐 
 미련이란 이름의 잎새 하나 
 봄비에 너에게서 떨어져 
 꽃향기만 남아, hey, hey 
 Hey, hey, hey 
 Hey, hey, hey 
 꽃향기만 남기고 갔단다 
 ",ko
40,2dIBMHByUGcNPzmYBJ6OAj,Evaluasi,Hindia,"Yang tak bisa terobati 
 Biarlah 
 Mengering sendiri 
 Menghias tubuh dan 
 Yang mengevaluasi 
 Ragamu 
 Hanya kau sendiri 
 Mereka tak mampu 
 Melewat yang telah kau lewati 
 Tiap berganti hari 
 Rintangan yang kau hadapi 
 Masalah yang mengeruh 
 Perasaan yang rapuh 
 Ini belum separuhnya 
 Biasa saja 
 Kamu tak apa 
 Yang selalu ingin ambil peran 
 Hanya berlomba menjadi lebih 
 Sedih dari dirimu 
 Muak dikesampingkan 
 Disamakan 
 Hatimu terluka, sempurna 
 Masalah yang mengeruh 
 Perasaan yang rapuh 
 Ini belum separuhnya 
 Biasa saja 
 Kamu tak apa 
 Perjalanan yang jauh 
 Kau bangun untuk bertaruh 
 Hari belum selesai 
 Biasa saja 
 Kamu tak apa 
 Bilas muka, gosok gigi, evaluasi 
 Tidur sejenak menemui esok pagi 
 Walau pedih 'ku bersamamu kali ini 
 'Ku masih ingin melihatmu esok hari 
 Bilas muka, gosok gigi, evaluasi 
 Tidur sejenak menemui esok pagi 
 Walau pedih 'ku bersamamu kali ini 
 'Ku masih ingin melihatmu esok hari 
 Bilas muka, gosok gigi, evaluasi 
 Tidur sejenak menemui esok pagi 
 Walau pedih 'ku bersamamu kali ini 
 'Ku masih ingin melihatmu esok hari 
 ",id
41,4W4fNrZYkobj539TOWsLO2,Die For You (with Ariana Grande) - Remix,The Weeknd,"I'm findin' ways to articulate the feelin' I'm goin' through 
 I just can't say I don't love you (yeah) 
 'Cause I love you, yeah 
 It's hard for me to communicate the thoughts that I hold 
 But tonight, I'm gon' let you know 
 Let me tell the truth 
 Baby, let me tell the truth, yeah 
 You know what I'm thinkin', see it in your eyes 
 You hate that you want me, hate it when you cry 
 You're scared to be lonely, especially in the night 
 I'm scared that I'll miss you, happens every time 
 I don't want this feelin', I can't afford love 
 I try to find reason to pull us apart 
 It ain't workin', 'cause you're perfect 
 And I know that you're worth it, I can't walk away (hey) 
 Even though we'rе goin' through it (ah, ah) 
 And if it makes you feel alone 
 Just know that I would die for you (ooh, ooh) 
 Baby, I would die for you, yeah 
 The distance and the time between us (distance and the time) 
 It'll never change my mind, 'cause 
 Baby, I would die for you (I would die for you) 
 Baby, I would die for you, yeah 
 I'm finding ways to stay concentrated on what I gotta do 
 Baby boy, it's so hard 'round you 
 And yes, I'm blaming you 
 And you know I can't fake it, now or never 
 And you insinuating that you think we might be better 
 Better me and you 
 Yeah, I know you do 
 You know what I'm thinkin', see it in your eyes 
 You hate that you want me, hate it when you cry 
 It ain't workin' (mmm), 'cause you're perfect 
 And I know you deserve it, I can't walk away 
 Even though we're goin' through it 
 And it makes you (makes me) feel alone 
 Just know that I would die for you (I would die for you) 
 Baby, I would die for you, yeah 
 The distance and the time between us 
 It'll never change my mind, 'cause 
 Baby, I would die for you (I would die for you, uh) 
 Baby, I would die for you, yeah (I would die for you) 
 I would die for you, I would lie for you, keep it real with you 
 I would kill for you, my baby 
 I'm just sayin', yeah 
 I would die for you, I would lie for you, keep it real with you 
 I would kill for you, my baby 
 Na-na-na, na-na-na, na-na (ooh) 
 Even though we're goin' through it (ooh) 
 And it makes you feel alone (no, no) 
 Just know that I would die for you (no) 
 Baby, I would die for you, yeah 
 The distance and the time between us (na, na) 
 It'll never change my mind 'cause (na-na) 
 Baby, I would die for you 
 Baby, I would die for you (oh), yeah, babe 
 ",en
42,3W4U7TEgILGpq0EmquurtH,Old Love,yuji,"When you were here, the stars disappear 
 Nothing can outshine the dress that you wear 
 We should be dancing 'cause girl you look stunning 
 Let's spend the night together 'til reach the morning 
 Up and above, never enough 
 I wanna hold your hand and show what is love 
 When you are smiling and when you are laughing 
 We should keep dancing to treasure the feelings 
 Like it's the old love (it's the old love) 
 This is the way that we both wanna feel 
 Under the moonlight we made our first kiss 
 'Cause this is the moment that you made me feel 
 Like it's the old love (it's the old love) 
 Come on and hold me, I want you right here 
 Stay close to me, so you don't feel the fear 
 I'll never let go 'cause I'm just right here 
 When I'm with you, it's like déjà vu 
 I realize that dreams really come true 
 We keep on talking for the moment we live in 
 Let's keep drinking 'til the moon disappear 
 You are the one, the one that I want 
 The one that will stay by my side 'til I'm gone 
 The love of my life and I'll sacrifice 
 Just for the moment we last long forever 
 Like it's the old love (it's the old love) 
 This is the way that we both wanna feel 
 Under the moonlight we made our first kiss 
 'Cause this is the moment that you made me feel 
 Like it's the old love 
 Come on and hold me, I want you right here 
 Stay close to me, so you don't feel the fear 
 I'll never let go 'cause I'm just right here 
 Like it's the old love 
 ♪ 
 It's the old love 
 This is the way that we both wanna feel 
 Under the moonlight we made our first kiss 
 'Cause this is the moment that you made me feel 
 Like it's the old love 
 ",en
43,6T7MAQCekVb3UnCykjX3BP,Disenchanted,My Chemical Romance,"Well, I was there on the day 
 They sold the cause for the queen 
 And when the lights all went out 
 We watched our lives on the screen 
 I hate the ending myself 
 But it started with an alright scene 
 ♪ 
 It was the roar of the crowd 
 That gave me heartache to sing 
 It was a lie when they smiled 
 And said, ""You won't feel a thing"" 
 And as we ran from the cops 
 We laughed so hard it would sting 
 ♪ 
 If I'm so wrong (so wrong, so wrong) 
 How can you listen all night long? (night long, night long) 
 Now, will it matter after I'm gone? 
 Because you never learned a goddamn thing 
 You're just a sad song with nothing to say 
 About a life-long wait for a hospital stay 
 And if you think that I'm wrong 
 This never meant nothing to you 
 I spent my high school career 
 Spit on and shoved to agree 
 So I could watch all my heroes sell a car on TV 
 Bring out the old guillotine 
 We'll show 'em what we all mean 
 ♪ 
 If I'm so wrong (so wrong, so wrong) 
 How can you listen all night long? (night long, night long) 
 Now, will it matter long after I'm gone? 
 Because you never learned a goddamn thing 
 You're just a sad song with nothing to say 
 About a life-long wait for a hospital stay 
 And if you think that I'm wrong 
 This never meant nothing to you 
 So go, go away 
 Just go, run away 
 But where did you run to? 
 And where did you hide? 
 Go find another way 
 Price you pay 
 ♪ 
 You're just a sad song with nothing to say 
 About a life-long wait for a hospital stay 
 And if you think that I'm wrong 
 This never meant nothing to you 
 Come on! 
 You're just a sad song with nothing to say 
 About a life-long wait for a hospital stay 
 And if you think that I'm wrong 
 This never meant nothing to you 
  
 At all, at all 
  
 At all, at all 
 ",en
44,6fX8WwxAQ6rCPIC7lMgztu,Kisah Sempurna,Mahalini,"Ha-ah, ha-ah-ah 
 Tenggelam, jiwaku dalam angan 
 Tersesat, hilang, dan tak tahu arah 
 Ku terjebak masa lalu yang kelam 
 Tak kulihat lagi cahaya cinta 
 Dan kamu hadir coba bawa bahagia 
 Ketika ku masih mati rasa 
 Kar'na 
 Dia yang pertama membuatku cinta 
 Dia juga yang pertama membuatku kecewa 
 Kamu yang pertama menyembuhkan luka 
 Tak ingin lagi ku mengulang keliru akan cinta 
 Jadi kisah yang sempurna 
 Tenggelam, jiwaku dalam angan 
 Tak kulihat lagi cahaya cinta 
 Dan kamu hadir coba bawa bahagia 
 Ketika ku masih mati rasa 
 Kar'na 
 Dia yang pertama membuatku cinta 
 Dia juga yang pertama membuatku kecewa 
 Kamu yang pertama menyembuhkan luka 
 Tak ingin lagi ku mengulang keliru akan cinta 
 Jadi kisah yang sempurna, wo-oh 
 Tuhan, yakinkan cinta ini, wo-oh-oh 
 Hati yang terkunci, terbuka kembali 
 Dia yang pertama membuatku cinta 
 Dia juga yang pertama membuatku kecewa 
 Kamu yang pertama menyembuhkan luka 
 Tak ingin lagi ku mengulang keliru akan cinta 
 (Dia yang pertama membuatku cinta) ho-oh-oh 
 Dia juga pertama membuatku kecewa 
 (Dia yang pertama) 
 Kamu yang sembuhkan luka 
 (Tak ingin lagi ku mengulang) ho-oh-oh 
 Ho-oh-oh 
 Kamu untuk selamanya 
 ",id
45,0zYSfIjxemTi6jvUxGrDHl,Bohongi Hati,Mahalini,"Aku tersiksa melihat semuanya berubah 
 Mengapa kau tak mau tahu? 
 Bagaimana hati ini tanpamu? 
 Cintamu? 
 Oh, di mana aku bisa temui dirimu? 
 Yang dulu cinta dan anggap aku ada 
 ♪ 
 Jika kauminta aku menjauh 
 Hilang dari seluruh memori indahmu 
 'Kan kulakukan semua 
 Walau tak mungkin sanggup bohongi hatiku 
 Ha-ah-ah-ah 
 Ha-ah-ha-wo-ho-oh 
 Di mana aku bisa temui dirimu? Ha-ah 
 Yang dulu cinta dan anggap aku ada 
 (Yang dulu cinta dan anggap aku ada) ho-oh 
 Jika kau meminta aku menjauh 
 Hilang dari seluruh memori indahmu 
 'Kan kulakukan semua 
 Walau tak mungkin sanggup bohongi hatiku 
 Saat ku rindu, kucoba tak rindu 
 Demi bahagiamu yang tak membutuhkanku 
 Entah sampai di mana 
 Sanggup ku 'kan bertahan 'tuk bisa tanpamu 
 Ya, tak mungkin kau menemukan yang sama lagi 
 Tulus hati s'perti yang aku miliki 
 Oh-wo-oh 
 Jika kauminta aku menjauh 
 Hilang dari seluruh memori indahmu 
 'Kan kulakukan semua 
 Walau tak mungkin sanggup bohongi hatiku 
 Ho-wo-ho 
 Saat ku rindu, kucoba tak rindu 
 Demi bahagiamu yang tak lagi butuhkanku, oh 
 Entah sampai di mana 
 Aku sanggup bertahan 'tuk bisa tanpamu 
 (Hu-uh-uh) ha-ah-ah-ah 
 (Hu-uh-uh) bohongi hatiku 
 ",id
46,0bYVPJvXr8ACmw313cVvhB,Tally,BLACKPINK,"I say ""fuck it"" when I feel it 
 'Cause no-one's keeping tally, I do what I want with who I like 
 I ain't gon' conceal it 
 While you talking all that shit, I'll be getting mine, getting mine 
 Don't apologize for my behavior 
 If you're offended, I don't care (yeah) 
 Staring at me 'stead of staring in the mirror 
 Little weird how 
 Everybody tells me to play nice 
 Everybody judge, but looking twice 
 But my body don't belong to, nah-ah-ah, none of them though 
 And I'm not gonna change 'cause you say so 
 I say ""fuck it"" when I feel it 
 'Cause no-one's keeping tally, I do what I want with who I like 
 I ain't gon' conceal it 
 While you talking all that shit, I'll be getting mine, getting mine 
 Yeah, I say ""fuck it"" when I feel it 
 'Cause no-one's keeping tally, I do what I want with who I like 
 And I ain't gon' conceal it 
 I'll just do it like the boys say, I'm getting mine, getting mine 
 Told me to play it cool, I break the rules, I'm breaking hearts in two 
 Warned me to make the rules, or play the fool, it ain't that hard to choose 
 Take apart the ""do""'s and ""don't""s, and lose the ""won't""s, I'm getting mine 
 Mines is mine, yours is mine, this is mine, get in line 
 Sometimes, I like to go play dirty 
 Just like all of the fuck boys do 
 That's my choice and there's no one I'm hurting 
 When that's not girly 
 Everybody tells me to play nice 
 Everybody judge, but looking twice 
 But my body don't belong to, nah-uh-uh, none of them though 
 And I'm not gonna change 'cause you say so 
 I say ""fuck it"" when I feel it 
 'Cause no-one's keeping tally, I do what I want with who I like 
 I ain't gon' conceal it 
 While you talking all that shit, I'll be getting mine, getting mine 
 Yeah, I say ""fuck it"" when I feel it 
 'Cause no-one's keeping tally, I do what I want with who I like 
 And I ain't gon' conceal it 
 I'll just do it like the boys say, I'm getting mine, getting mine 
 Yeah, I say ""fuck it"" when I feel it 
 ♪ 
 And I ain't gon' conceal it 
 ",en
47,1ixNEKbIZTTZ5LIz3rr9jD,Cintamu Sepahit Topi Miring,Jogja Hip Hop Foundation,"(Yen kecemplung, kadhung trima kowe nyampar nyandung) 
 Sengkuni leda-lede 
 Mimpin baris, ngarep dhewe 
 Eh, barisane menggok 
 Sengkuni kok malah ndheprok? 
 Nong eh, nong ji, nong ro 
 Nong eh, nong ji, nong ro 
 Nong eh, nong ji, nong ro 
 Nong eh, nong ji, nong ro 
 Senja di Desa Baron 
 Matahari tenggelam di dalam kemaron 
 Lembu betina lari melompat-lompat 
 Dikejar-kejar anaknya yang kecil, meloncat 
 Senja lucu dengan kasih sayang ibu dan anak 
 Langit senja mengandung sapi beranak 
 Terpesona Ranto melihat, ia tertawa bergelak 
 Dan berubah jadi Ranto Gudel, sang pelawak 
 Dadi Marmoyo, di panggung ketoprak 
 Ranto Gudel, meminum arak 
 Terendam di dalam ciu 
 Birahinya berubah jadi biru 
 Diajaknya Nyai Dasima bercinta 
 Dengan cinta sepahit topi miringnya 
 Layar dibuka, turun hujan gembukan 
 Dewi Mlenuk gembuk datang 
 Membawa seguling roti cakwe 
 Marmoyo rebah, terguling tidur 
 Di pangkuan Nyai Dasima 
 Yang sekeras ciu cangkol, buah dadanya 
 Ke mana Ranto Gudel pergi 
 Panggung selalu harum dengan arak yang wangi 
 Di Sriwedari jadi Petruk 
 Gareng-nya diajak mabuk 
 Bagong-nya menggeloyor 
 Semar jualan ciu cangkol 
 Dengan terang lampu semprong 
 Pak Mloyo memukul kenong 
 Nong ji, nong ro, nong ji, nong 
 Sengkuni leda-lede 
 Mimpin baris, ngarep dhewe 
 Eh, barisane menggok 
 Sengkuni kok malah ndheprok? 
 Nong eh, nong ji, nong ro 
 Nong eh, nong ji, nong ro 
 Nong eh, nong ji, nong ro 
 Nong eh, nong ji, nong ro 
 Giginya ompong menggerong, Ranto Gudel Mendehem nyungsep 
 Thuyul gundhul ke sana-ke sini mengempit gendul 
 Gendruwo thela-thelo, tampak loyo 
 Jrangkong jalannya miring-miring, eh, dhoyong 
 Belum selesai menabuh nong ji, nong ro 
 Pak Mloyo terguling ke Bengawan Solo 
 Dengan irama alunan nong ji, nong ro 
 Pak Mloyo pulang jalannya geloyoran 
 Sengkuni leda-lede 
 Mimpin baris, ngarep dhewe 
 Eh, barisane menggok 
 Sengkuni kok malah ndheprok? 
 Ranto Gudel meminum arak bekonang 
 Mengantar gadis pulang berdandan bidan 
 Roknya putih, bajunya putih 
 Serba putih lebih daripada peri 
 Tiba di pinggir kali 
 Ranto Gudel diajak belok ke kiri 
 Dhemit elek a'u tenan 
 Ngumpat, Ranto Gudel geram 
 Ia marah, terendam arak bekonang 
 Hampir saja aku bercinta dengan setan 
 Cinta manusia seperti Umbul Pengging 
 Dulu bening, sekarang keruh 
 Ranto Gudel dengan empat istrinya, tak pernah abadi cintanya 
 Sengkuni leda-lede 
 Mimpin baris, ngarep dhewe 
 Eh, barisane menggok 
 Sengkuni kok malah ndheprok? 
 Nong eh, nong ji, nong ro 
 Nong eh, nong ji, nong ro 
 Nong eh, nong ji, nong ro 
 Nong eh, nong ji, nong ro 
 Emang enak jadi wedhus daripada manusia 
 Bila mati, dikubur di gundukan tanah 
 Kepalanya dikencingi, wedhus yang merumput 
 Nasib manusia hanya sengsara 
 Oh, mengapa kita mesti bersusah? 
 Coba hiduplah seperti Ki Joko Lelur 
 Siangnya melamun, meminum limun 
 Malam beranjak, bangun, minum berminum 
 Lapen, ciu cangkol, arak bekonang, dituang 
 Botol cangkol dipasangnya di setiap sudut rumah 
 Apa guna 'tuk takut-takut tikus 
 Rupanya, oh, mengenang bayangan di masa tuanya 
 Ciu cangkol hanyalah spiritus 'tuk usir tikus 
 Padahal dulu ku meminumnya sampai mampus 
 Sengkuni leda-lede 
 Mimpin baris, ngarep dhewe 
 Eh, barisane menggok 
 Sengkuni kok malah ndheprok? 
 Nong eh, nong ji, nong ro 
 Nong eh, nong ji, nong ro 
 Nong eh, nong ji, nong ro 
 Nong eh, nong ji, nong ro 
 Sengkuni leda-lede 
 Mimpin baris, ngarep dhewe 
 Eh, barisane menggok 
 Sengkuni kok malah ndheprok? 
 Nong eh, nong ji, nong ro 
 Nong eh, nong ji, nong ro 
 Nong eh, nong ji, nong ro 
 Nong eh, nong ji, nong ro 
 ",id
48,0OHr74BS1CEwyZsyY9kml2,Tak Ingin Usai,Keisya Levronka,"Berdiri 
 Ku memutar waktu 
 ♪ 
 ♪ 
 Teringat 
 Kamu yang dulu 
 Ada di sampingku setiap hari 
 Jadi sandaran ternyaman 
 Saat ku lemah, saat ku lelah 
 Ho-wo-wo 
 Tersadar 
 Ku tinggal sendiri 
 ♪ 
 Merenungi 
 Semua yang tak mungkin 
 Bisa kuputarkan kembali s'perti dulu 
 Ku bahagia, tapi semuanya hilang tanpa sebab 
 Kauhentikan semuanya 
 Ho-oh-oh 
 Terluka dan menangis, tapi kuterima 
 Semua keputusan yang telah kaubuat 
 Satu yang harus kautahu 
 Ku menanti kau 'tuk kembali 
 Jujur, ku tak ingin engkau pergi 
 Tinggalkan semua, usai di sini 
 Tak tertahan air mata ini 
 Mengingat semua yang t'lah terjadi 
 Ku tahu kau pun sama s'perti aku 
 Tak ingin cinta usai di sini 
 Tapi mungkin inilah jalannya 
 Harus berpisah, ho-oh-oh 
 ♪ 
 Terluka dan menangis, tapi kuterima 
 Semua keputusan yang telah kaubuat 
 Satu yang harus kautahu 
 Ku menanti kau 'tuk kembali 
 (Jujur, ku tak ingin engkau pergi) ho-oh-wo-oh 
 (Tinggalkan semua, usai di sini) uh-wo-oh 
 Tinggalkan semua di sini (tak tertahan air mata ini) 
 (Mengingat semua yang t'lah terjadi) 
 Ku tahu kau pun sama s'perti aku (sama seperti aku) 
 Tak ingin cinta usai di sini 
 Tapi mungkin inilah jalannya 
 Harus berpisah, ho-oh 
 Berharap suatu saat nanti 
 Kau dan aku 'kan bertemu lagi 
 S'perti yang kauucapkan 
 S'belum kautinggalkan aku 
 ",id
49,1mea3bSkSGXuIRvnydlB5b,Viva La Vida,Coldplay,"I used to rule the world 
 Seas would rise when I gave the word 
 Now in the morning, I sleep alone 
 Sweep the streets I used to own 
 ♪ 
 I used to roll the dice 
 Feel the fear in my enemy's eyes 
 Listened as the crowd would sing 
 ""Now the old king is dead, long live the king"" 
 One minute I held the key 
 Next, the walls were closed on me 
 And I discovered that my castles stand 
 Upon pillars of salt and pillars of sand 
 I hear Jerusalem bells a-ringing 
 Roman cavalry choirs are singing 
 Be my mirror, my sword and shield 
 My missionaries in a foreign field 
 For some reason, I can't explain 
 Once you'd gone, there was never 
 Never an honest word 
 And that was when I ruled the world 
 ♪ 
 It was a wicked and wild wind 
 Blew down the doors to let me in 
 Shattered windows and the sound of drums 
 People couldn't believe what I'd become 
 Revolutionaries wait 
 For my head on a silver plate 
 Just a puppet on a lonely string 
 Oh, who would ever want to be king? 
 I hear Jerusalem bells a-ringing 
 Roman cavalry choirs are singing 
 Be my mirror, my sword and shield 
 My missionaries in a foreign field 
 For some reason, I can't explain 
 I know Saint Peter won't call my name 
 Never an honest word 
 But that was when I ruled the world 
 ♪ 
 Hear Jerusalem bells a-ringing 
 Roman cavalry choirs are singing 
 Be my mirror, my sword and shield 
 My missionaries in a foreign field 
 For some reason, I can't explain 
 I know Saint Peter won't call my name 
 Never an honest word 
 But that was when I ruled the world 
 ",en
